qp_time,qp_position,qp_velocity,qp_acceleration,qp_jerk
0,0,0.5,1.07651e-06,-0
0.2,0.1,0.512155,0.0607735,0.303857
0.4,0.203647,0.536454,0.12149,0.303578
0.6,0.313367,0.572884,0.182151,0.303299
0.8,0.431587,0.621436,0.242756,0.30302
1,0.560729,0.682097,0.303305,0.302742
1.2,0.703215,0.754857,0.363798,0.302464
1.4,0.861462,0.839705,0.424236,0.302187
1.6,1.03789,0.936629,0.484619,0.30191
1.8,1.23491,1.04562,0.544946,0.301634
2,1.45493,1.16666,0.605218,0.301359
2.2,1.70037,1.29975,0.665436,0.301085
2.4,1.97362,1.44487,0.725598,0.300812
2.6,2.27711,1.60201,0.785706,0.30054
2.8,2.61323,1.77116,0.84576,0.300269
3,2.98438,1.94247,0.856533,0.0538663
3.2,3.39,2.10177,0.79648,-0.300268
3.4,3.82628,2.24905,0.736431,-0.300244
3.6,4.29082,2.38433,0.676387,-0.300218
3.8,4.78122,2.5076,0.616349,-0.300191
4,5.29506,2.61886,0.556316,-0.300163
4.2,5.82996,2.71812,0.49629,-0.300133
4.4,6.38351,2.80538,0.43627,-0.300101
4.6,6.95331,2.88063,0.376256,-0.300069
4.8,7.53696,2.94388,0.316249,-0.300035
5,8.13206,3.00005,0.280859,-0.176947
5.2,8.73769,3.06822,0.340867,0.300036
5.4,9.35815,3.1484,0.400881,0.300074
5.6,9.99585,3.24058,0.460893,0.300059
5.8,10.6532,3.34476,0.520901,0.30004
6,11.3326,3.46094,0.580906,0.300022
6.2,12.0364,3.58912,0.640907,0.300005
6.4,12.767,3.7053,0.580904,-0.30001
6.6,13.5197,3.80948,0.5209,-0.300024
6.8,14.292,3.90166,0.460892,-0.300036
7,15.0815,3.98184,0.400883,-0.300046
7.2,15.8859,4.05001,0.340872,-0.300055
7.4,16.7027,4.10618,0.28086,-0.300061
7.6,17.5296,4.15035,0.220847,-0.300065
7.8,18.3641,4.18252,0.160834,-0.300066
8,19.2038,4.20268,0.100821,-0.300066
8.2,20.0464,4.21084,0.0408083,-0.300062
8.4,20.8893,4.207,-0.0192031,-0.300057
8.6,21.7304,4.19116,-0.079213,-0.30005
8.8,22.567,4.16332,-0.139221,-0.30004
9,23.3969,4.12347,-0.199227,-0.300028
9.2,24.2176,4.07163,-0.25923,-0.300015
9.4,25.0267,4.03163,-0.199955,0.296372
9.6,25.8291,4.00364,-0.139952,0.300017
9.8,26.627,3.98765,-0.079945,0.300035
10,27.4229,3.98367,-0.0199415,0.300017
10.2,28.2193,3.99168,0.0400587,0.300001
10.4,29.0184,3.98769,-0.0199439,-0.300013
10.6,29.8155,3.9717,-0.0799491,-0.300026
10.8,30.6083,3.94371,-0.139957,-0.300037
11,31.3942,3.90371,-0.199966,-0.300047
11.2,32.171,3.85172,-0.259977,-0.300055
11.4,32.9361,3.78772,-0.319989,-0.300061
11.6,33.6873,3.71172,-0.380002,-0.300066
11.8,34.422,3.62372,-0.440016,-0.300069
12,35.1379,3.52371,-0.50003,-0.30007
12.2,35.8327,3.4117,-0.560044,-0.30007
12.4,36.5038,3.28769,-0.620058,-0.300068
12.6,37.149,3.15168,-0.68007,-0.300064
12.8,37.7657,3.00366,-0.740082,-0.300058
13,38.3516,2.84364,-0.800092,-0.30005
13.2,38.9044,2.67162,-0.8601,-0.30004
13.4,39.4215,2.4876,-0.920105,-0.300028
13.6,39.9006,2.29158,-0.980108,-0.300015
13.8,40.3393,2.09156,-1.00008,-0.0998696
14,40.7376,1.89155,-1.00009,-3.64358e-05
14.2,41.0959,1.69153,-1.0001,-3.43829e-05
14.4,41.4142,1.49151,-1.0001,-3.23212e-05
14.6,41.6925,1.29148,-1.00011,-3.02481e-05
14.8,41.9308,1.09972,-0.958795,0.206568
15,42.1316,0.919967,-0.898791,0.300023
15.2,42.2976,0.75221,-0.838781,0.300047
15.4,42.4313,0.596457,-0.778767,0.300072
15.6,42.535,0.452707,-0.718748,0.300098
15.8,42.6112,0.320963,-0.658723,0.300124
16,42.6622,0.201224,-0.598693,0.300151
16.2,42.6904,0.093493,-0.538657,0.300179
16.4,42.6984,-0.00223479,-0.478639,0.300089
